,Name,Critic Rating,Critic Numbers,User Rating,User Numbers,Runtime (minutes),Genre,Studio,Box Office
0,Rogue One: A Star Wars Story,0.84,402,0.86,100836,133,"Action & Adventure, Drama, Science Fiction & Fantasy",Walt Disney Pictures,"$532,177,324"
1,Finding Dory,0.94,308,0.84,181198,100,Animation,Walt Disney Pictures/PIXAR,"$486,295,561"
2,Captain America: Civil War,0.91,380,0.89,177272,146,"Action & Adventure, Science Fiction & Fantasy",Walt Disney Pictures,"$408,084,349"
3,The Secret Life of Pets,0.73,216,0.62,82002,90,"Animation, Comedy",Universal Pictures,"$368,384,330"
4,The Jungle Book ,0.95,306,0.86,93943,111,"Action & Adventure, Kids & Family",Walt Disney Pictures,"$364,001,123"
5,Deadpool,0.84,317,0.9,186042,103,"Action & Adventure, Comedy, Science Fiction & Fantasy",20th Century Fox,"$363,070,709"
6,Zootopia,0.97,267,0.92,100393,108,"Action & Adventure, Animation, Comedy",Walt Disney Animation Studios,"$341,268,248"
7,Batman v Superman: Dawn of Justice,0.27,394,0.63,231912,151,"Action & Adventure, Science Fiction & Fantasy",Warner Bros. Pictures,"$330,360,194"
8,Suicide Squad,0.27,348,0.6,143772,123,Action & Adventure,Warner Bros. Pictures,"$325,100,054"
9,Sing,0.46,149,0.47,27902,110,"Comedy, Romance",Warner Bros. Pictures,"$270,395,425"
10,Moana,0.95,260,0.89,68439,103,"Action & Adventure, Animation, Kids & Family",Walt Disney Pictures,"$248,757,044"
11,Fantastic Beasts and Where To Find Them,0.74,309,0.79,86872,132,"Action & Adventure, Kids & Family, Science Fiction & Fantasy",Warner Bros. Pictures,"$234,037,575"
12,Doctor Strange,0.89,334,0.86,107808,130,"Action & Adventure, Science Fiction & Fantasy",Walt Disney Pictures,"$232,641,920"
13,Hidden Figures,-,-,-,-,-,-,-,"$169,607,287"
14,Jason Bourne,0.54,299,0.56,56634,123,"Action & Adventure, Drama",Universal,"$162,434,410"
15,Star Trek Beyond,0.85,289,0.8,73978,120,"Action & Adventure, Drama, Science Fiction & Fantasy",Paramount Pictures,"$158,848,340"
16,X-Men: Apocalypse,0.48,316,0.66,126960,136,"Action & Adventure, Science Fiction & Fantasy",20th Century Fox,"$155,442,489"
17,Trolls,0.74,154,0.68,38624,100,"Animation, Kids & Family",DreamWorks Animation,"$153,707,064"
18,La La Land,0.91,410,0.81,69700,128,"Comedy, Drama, Musical & Performing Arts",Liongate Films,"$151,101,803"
19,Kung Fu Panda 3,0.86,167,0.78,99624,94,Animation,DreamWorks Animation,"$143,528,619"
20,Ghostbusters ,0.74,360,0.51,117491,105,"Action & Adventure, Comedy, Science Fiction & Fantasy",Sony Pictures,"$128,350,574"
21,Central Intelligence,0.7,180,0.61,54052,114,"Action & Adventure, Comedy",Warner Bros. Pictures,"$127,440,871"
22,The Legend of Tarzan,0.36,232,0.59,58030,109,Action & Adventure,Lionsgate Pictures,"$126,643,061"
23,Sully,0.85,318,0.84,48108,96,"Action & Adventure, Drama",Warner Bros.,"$125,070,033"
24,Bad Moms,0.58,159,0.63,40886,101,Comedy,Block Entertainment,"$113,257,297"
25,The Angry Birds Movie,0.44,152,0.46,29130,95,"Animation, Kids & Family",Sony Pictures,"$107,509,366"
26,Independence Day: Resurgence,0.3,210,0.3,74814,119,"Action & Adventure, Drama, Science Fiction & Fantasy",20th Century Fox,"$103,144,286"
27,The Conjuring 2,0.8,239,0.81,53865,133,Horror,Warner Bros. Pictures,"$102,470,008"
28,Arrival,-,-,-,31,-,Drama,BCDF Pictures,"$100,546,139"
29,Passengers ,0.3,255,0.63,54489,116,"Action & Adventure, Drama, Science Fiction & Fantasy",Columbia Pictures,"$100,014,699"
30,Sausage Party,0.82,217,0.5,64411,89,"Animation, Comedy",Sony Pictures,"$97,685,686"
31,The Magnificent Seven ,0.63,290,0.72,48810,132,"Action & Adventure, Drama, Western",Sony Pictures,"$93,432,655"
32,Ride Along 2,0.13,113,0.48,34980,102,"Action & Adventure, Comedy",Universal Pictures,"$91,221,830"
33,Don't Breathe,0.88,218,0.78,40010,88,"Horror, Mystery & Suspense",Ghost House Pictures,"$89,217,875"
34,Miss Peregrine's Home for Peculiar Children,-,-,-,-,-,-,-,"$87,242,834"
35,The Accountant,0.51,264,0.76,46266,128,Drama,Warner Bros. Pictures,"$86,260,045"
36,Teenage Mutant Ninja Turtles: Out of the Shadows,0.37,166,0.47,53457,97,"Action & Adventure, Comedy, Science Fiction & Fantasy",Paramount Pictures,"$82,051,601"
37,The Purge: Election Year,0.54,148,0.48,38142,105,"Action & Adventure, Horror, Mystery & Suspense",Universal Pictures,"$79,213,375"
38,Alice Through the Looking Glass,0.3,244,0.48,37642,108,"Action & Adventure, Kids & Family, Science Fiction & Fantasy",Walt Disney Pictures,"$77,041,381"
39,Pete's Dragon ,0.88,226,0.72,36995,90,Kids & Family,Walt Disney Pictures,"$76,233,151"
40,The Girl on the Train ,0.44,281,0.49,34154,112,"Drama, Mystery & Suspense",Universal Pictures,"$75,395,035"
41,Boo! A Madea Halloween,0.21,38,0.53,11956,103,"Comedy, Drama, Horror",Lionsgate,"$73,206,343"
42,Storks,0.65,128,0.62,24712,87,"Animation, Comedy, Kids & Family",Warner Bros. Pictures,"$72,679,278"
43,10 Cloverfield Lane,0.9,288,0.79,60251,90,"Drama, Mystery & Suspense, Science Fiction & Fantasy",Bad Robot Productions,"$72,082,998"
44,Lights Out,0.77,169,0.61,27195,81,Horror,RatPac-Dune Entertainment,"$67,268,835"
45,Hacksaw Ridge,0.86,256,0.91,54797,139,"Action & Adventure, Drama",Summit Entertainment,"$67,209,615"
46,The Divergent Series: Allegiant,0.12,182,0.41,41632,120,"Action & Adventure, Science Fiction & Fantasy, Romance",Lionsgate,"$66,184,051"
47,Now You See Me 2,0.35,184,0.53,66661,115,Mystery & Suspense,Lionsgate,"$65,075,540"
48,Ice Age: Collision Course,0.17,116,0.39,32882,100,"Animation, Kids & Family",20th Century Fox,"$64,063,008"
49,The Boss,0.22,183,0.38,27045,105,Comedy,Universal Pictures,"$63,285,885"
50,London Has Fallen,0.26,187,0.51,36647,120,Action & Adventure,Focus Features,"$62,678,608"
51,Miracles from Heaven,0.43,90,0.81,22036,109,Drama,Sony Pictures,"$61,705,123"
52,Deepwater Horizon,0.83,241,0.82,45842,99,"Action & Adventure, Drama",Lionsgate,"$61,433,527"
53,Why Him?,0.38,149,0.51,22145,111,Comedy,20th Century Fox,"$60,323,786"
54,My Big Fat Greek Wedding 2,0.28,167,0.53,20803,94,Comedy,Gold Circle Films,"$59,689,605"
55,Jack Reacher: Never Go Back,0.37,227,0.42,31551,118,"Action & Adventure, Drama",Paramount Pictures,"$58,697,076"
56,Fences,0.93,245,0.75,35991,133,Drama,Paramount Pictures,"$57,682,904"
57,Me Before You,0.57,166,0.73,30336,110,Drama,Warner Bros. Pictures,"$56,245,075"
58,The BFG,0.75,281,0.57,37821,115,"Kids & Family, Science Fiction & Fantasy",Walt Disney Pictures,"$55,483,770"
59,Neighbors 2: Sorority Rising,0.63,194,0.44,51452,92,Comedy,Universal Pictures,"$55,455,765"
60,The Shallows,0.78,205,0.59,32184,87,"Drama, Mystery & Suspense",Ombra Films,"$55,124,043"
61,Office Christmas Party,0.41,175,0.4,21645,-,Comedy,Paramount Pictures,"$54,767,494"
62,Assassin's Creed,0.17,206,0.43,57016,116,"Action & Adventure, Drama",20th Century Fox,"$54,647,948"
63,Barbershop: The Next Cut,0.9,94,0.66,19760,112,Comedy,Warner Bros. Pictures,"$54,030,051"
64,13 Hours: The Secret Soldiers of Benghazi,0.5,215,0.82,33285,144,"Action & Adventure, Drama",Paramount Pictures,"$52,853,219"
65,Lion,0.85,247,0.91,39308,120,Drama,See-Saw Films,"$51,738,905"
66,The Huntsman: Winter's War,0.16,203,0.46,45017,121,"Action & Adventure, Drama, Science Fiction & Fantasy",Universal Pictures,"$48,390,190"
67,Kubo and the Two Strings,0.97,208,0.86,34989,101,"Action & Adventure, Animation, Science Fiction & Fantasy",Focus Features,"$48,023,088"
68,Manchester by the Sea,0.96,313,0.77,49470,135,Drama,Amazon Studios,"$47,695,371"
69,Warcraft,0.28,219,0.77,63056,100,"Action & Adventure, Science Fiction & Fantasy",Universal Pictures,"$47,365,290"
70,How to Be Single,0.46,149,0.47,27902,110,"Comedy, Romance",Warner Bros. Pictures,"$46,843,513"
71,Mike and Dave Need Wedding Dates,0.36,163,0.51,27991,98,Comedy,20th Century Fox,"$46,009,673"
72,War Dogs,0.6,218,0.69,28900,114,"Comedy, Drama",Warner Bros. Pictures,"$43,034,523"
73,Almost Christmas,0.52,61,0.65,7719,120,Comedy,Will Packer Productions,"$42,158,780"
74,Money Monster,0.58,262,0.51,23550,90,Drama,Smokehouse Pictures,"$41,012,075"
75,Allied,0.6,233,0.64,25070,124,"Action & Adventure, Drama, Romance",Paramount Pictures,"$40,098,064"
76,Nerve,0.67,135,0.66,24224,96,Mystery & Suspense,Keep Your Head,"$38,583,626"
77,Risen,0.53,125,0.69,16197,107,"Action & Adventure, Drama",Sony Pictures,"$36,880,033"
78,The Nice Guys,0.92,291,0.79,55507,116,"Comedy, Drama",Warner Bros. Pictures,"$36,261,763"
79,The Boy ,-,-,-,-,-,-,-,"$35,819,556"
80,Dirty Grandpa,0.12,130,0.44,30118,102,Comedy,Lionsgate Films,"$35,593,113"
81,Ouija: Origin of Evil,0.82,118,0.57,14693,99,"Horror, Mystery & Suspense",Universal Pictures,"$35,144,505"
82,The 5th Wave,0.16,135,0.38,31915,112,"Action & Adventure, Mystery & Suspense, Science Fiction & Fantasy",Sony Pictures,"$34,916,787"
83,Inferno,0.22,236,0.36,28554,121,"Action & Adventure, Drama, Mystery & Suspense",Sony Pictures,"$34,343,574"
84,Mother's Day,0.06,154,0.44,13967,119,"Comedy, Drama",Open Road Films,"$32,492,859"
85,Patriots Day,0.9,10,0.86,92,120,Documentary,HBO Documentary Films,"$31,886,361"
86,Gods of Egypt,0.15,179,0.37,31608,127,"Action & Adventure, Science Fiction & Fantasy",Lionsgate,"$31,153,464"
87,Collateral Beauty,0.14,175,0.64,22067,94,Drama,New Line Cinema,"$31,016,021"
88,"Hail, Caesar!",0.86,333,0.44,40517,106,Comedy,Universal Pictures,"$30,498,085"
89,When the Bough Breaks,0.1,21,0.45,6569,93,"Drama, Horror",Sony Pictures,"$29,747,603"
90,Zoolander 2,0.22,219,0.2,41648,102,Comedy,Paramount Pictures,"$28,848,693"
91,Moonlight ,0.98,344,0.79,44100,110,Drama,A24 Films,"$27,854,932"
92,The Finest Hours,0.64,183,0.66,22994,117,"Action & Adventure, Drama, Mystery & Suspense",Walt Disney Pictures,"$27,569,558"
93,Florence Foster Jenkins,0.87,211,0.68,16747,110,"Comedy, Drama, Musical & Performing Arts",BBC Films,"$27,383,770"
94,Hell or High Water,0.97,258,0.88,39221,102,"Drama, Mystery & Suspense",Film 44,"$27,007,844"
95,The Forest,0.1,133,0.22,14527,94,"Drama, Horror",Gramercy Pictures,"$26,594,261"
96,Ben-Hur ,0.24,180,0.53,18921,124,"Classics, Drama",Paramount Pictures,"$26,410,477"
97,The Witch,0.91,307,0.57,40622,92,Horror,A24 Films,"$25,138,705"
98,Bridget Jones's Baby,-,-,-,-,-,-,-,"$24,252,420"
99,Kevin Hart: What Now?,0.77,57,0.58,10332,96,Comedy,Universal Pictures,"$23,591,043"
100,Whiskey Tango Foxtrot,0.67,194,0.55,22363,111,"Comedy, Drama",Paramount Pictures,"$23,083,334"
101,Snowden,0.6,248,0.7,28451,134,Drama,Open Road Films,"$21,587,519"
102,Mechanic: Resurrection,0.33,55,0.4,25538,110,"Action & Adventure, Mystery & Suspense",Summit Entertainment,"$21,218,403"
103,Free State of Jones,0.46,184,0.63,20692,139,"Action & Adventure, Drama",STX Entertainment,"$20,810,036"
104,Blair Witch,0.36,203,0.31,12701,89,Horror,Vertigo Entertainment,"$20,777,061"
105,God's Not Dead 2,-,-,-,-,-,-,-,"$20,774,575"
106,Keanu,0.78,165,0.55,24144,98,"Action & Adventure, Comedy",Warner Bros. Pictures,"$20,591,853"
107,Middle School: The Worst Years of My Life,0.59,39,0.58,5305,92,Comedy,James Patterson Entertainment,"$20,007,149"
108,Nine Lives ,0.15,68,0.41,10081,87,Comedy,EuropaCorp,"$19,700,032"
109,Race ,0.61,148,0.77,14924,134,Drama,Focus Features,"$19,206,207"
110,The Choice,0.11,80,0.62,12445,100,"Drama, Romance",Lionsgate Films,"$18,730,891"
111,Eye in the Sky,0.95,201,0.83,32702,102,"Drama, Mystery & Suspense",Eone Films,"$18,704,595"
112,Bad Santa 2,0.23,128,0.34,10259,92,Comedy,Miramax/Broad Green,"$17,782,178"
113,Masterminds ,0.33,93,0.35,27305,90,Comedy,Relativity Media,"$17,368,022"
114,Norm of the North,0.09,67,0.22,7775,86,"Action & Adventure, Animation, Comedy",Lionsgate,"$17,062,499"
115,The Birth of a Nation,0.72,250,0.71,15922,119,Drama,Fox Searchlight Pictures,"$15,861,566"
116,Eddie the Eagle,0.8,188,0.82,22696,105,Drama,20th Century Fox,"$15,789,389"
117,The Infiltrator,0.7,175,0.71,18983,127,Drama,Broad Green Pictures,"$15,436,808"
118,A Beautiful Planet,1.0,13,0.8,8726,45,Documentary,Walt Disney,"$15,383,248"
119,Keeping Up with the Joneses,0.19,117,0.37,14059,101,Comedy,20th Century Fox,"$14,904,426"
120,Criminal ,0.3,132,0.47,20528,113,"Action & Adventure, Drama, Mystery & Suspense",Summit Entertainment,"$14,708,696"
121,"Hello, My Name is Doris",0.83,117,0.76,16086,95,Drama,Red Crown Productions,"$14,444,999"
122,The Edge of Seventeen,0.95,191,0.83,26867,98,"Comedy, Drama",STX Entertainment,"$14,431,633"
123,Love & Friendship,-,-,-,-,-,-,-,"$14,016,568"
124,Jackie,0.87,328,0.6,28203,95,Drama,Fox Searchlight Pictures,"$13,960,394"
125,Hillary's America: The Secret History of the Democratic Party,-,-,-,-,-,-,-,"$13,099,931"
126,Triple 9,0.53,171,0.42,19591,116,"Action & Adventure, Drama",Open Road Films,"$12,639,297"
127,The Light Between Oceans,0.61,217,0.61,13605,132,"Drama, Romance",Dreamworks Pictures,"$12,545,979"
128,Dangal,0.92,13,0.94,2173,155,"Art House & International, Drama, Sports & Fitness",Aamir Khan Productions,"$12,391,761"
129,Fifty Shades of Black,0.07,46,0.19,11098,93,Comedy,Open Road Films,"$11,686,940"
130,No Manches Frida,0.13,8,0.75,2698,100,Comedy,Constantin Film Produktion,"$11,528,613"
131,Cafe Society,0.7,245,0.56,13609,85,"Comedy, Romance",Perdido Productions,"$11,103,205"
132,Pride and Prejudice and Zombies,0.44,176,0.45,28085,107,"Comedy, Horror, Romance",Sony Pictures,"$10,938,134"
133,The Darkness,-,-,-,-,-,-,-,"$10,753,574"
134,Nocturnal Animals,0.73,276,0.73,29643,115,"Drama, Mystery & Suspense",Focus Features,"$10,663,357"
135,Live By Night,-,-,-,-,-,-,-,"$10,378,555"
136,The Perfect Match,0.25,16,0.44,4135,95,Comedy,Jorva Entertainment Productions,"$9,669,521"
137,Popstar: Never Stop Never Stopping,0.78,162,0.64,17811,86,"Comedy, Musical & Performing Arts",Universal Pictures,"$9,639,125"
138,Hardcore Henry,0.5,136,0.54,18145,90,"Action & Adventure, Science Fiction & Fantasy",Bazelevs Production,"$9,252,038"
139,Meet the Blacks,0.11,9,0.73,6850,94,Comedy,Hidden Empire Film Group,"$9,097,072"
140,Queen of Katwe,0.93,171,0.87,9744,124,"Drama, Kids & Family",Walt Disney Studios,"$8,874,389"
141,Ratchet & Clank,0.18,76,0.42,9554,94,"Action & Adventure, Animation, Comedy",Focus Features,"$8,821,329"
142,The Lobster ,0.87,237,0.64,33591,118,"Comedy, Cult Movies, Drama, Science Fiction & Fantasy",A24 Films,"$8,700,374"
143,The Wild Life ,0.16,57,0.28,2972,90,"Action & Adventure, Animation, Comedy",StudioCanal,"$8,005,586"
144,Loving,-,-,-,-,-,-,-,"$7,751,969"
145,Silence ,-,-,-,-,-,-,-,"$7,100,177"
146,Shut In,0.1,41,0.22,5077,91,Mystery & Suspense,EuropaCorp,"$6,900,335"
147,The Brothers Grimsby,0.38,136,0.41,14880,83,Comedy,Big Talk Productions,"$6,874,837"
148,The Young Messiah,0.46,37,0.65,5936,103,Drama,Focus Features,"$6,490,401"
149,Southside with You,0.91,152,0.72,9492,84,"Drama, Romance",Miramax and Roadside Attractions,"$6,304,223"
150,Sultan,0.89,9,0.77,1567,143,Drama,Yash Raj Films,"$6,200,000"
151,Captain Fantastic,0.82,208,0.85,21836,119,Drama,Electric City Entertainment,"$5,879,736"
152,20th Century Women,-,-,-,-,-,-,-,"$5,664,764"
153,Hunt for the Wilderpeople,0.96,185,0.91,24149,101,"Action & Adventure, Comedy",Piki Films,"$5,205,468"
154,Bleed for This,0.7,136,0.69,8770,116,"Drama, Sports & Fitness",Open Road Films,"$5,083,906"
155,Incarnate,0.18,33,0.24,3294,-,"Drama, Horror, Science Fiction & Fantasy",High Top Releasing,"$4,799,774"
156,Absolutely Fabulous: The Movie,0.59,146,0.41,7543,86,Comedy,DJ Films,"$4,772,155"
157,Hands of Stone,0.44,105,0.52,5249,105,"Action & Adventure, Drama",Fuego Films,"$4,712,792"
158,Don't Think Twice,0.98,132,0.69,19135,92,Comedy,The Film Arcade,"$4,417,667"
159,The Meddler,0.84,140,0.56,9193,100,"Comedy, Drama",Anonymous Content,"$4,267,218"
160,Ae Dil Hai Mushkil,0.54,13,0.43,975,158,"Drama, Musical & Performing Arts, Romance",Dharma Productions,"$4,264,983"
161,A Hologram for the King,0.73,143,0.55,10194,90,Drama,Roadside Attractions,"$4,212,494"
162,Swiss Army Man,0.7,193,0.72,16639,95,Drama,Blackbird Films,"$4,210,454"
163,Denial,0.83,162,0.71,9268,110,Drama,Participant Media,"$4,073,489"
164,Morgan,0.37,146,0.3,6699,92,"Drama, Horror, Science Fiction & Fantasy",Scott Free Films,"$3,915,251"
165,Kabali,0.7,10,0.64,432,152,"Action & Adventure, Drama",Cinegalaxy,"$3,903,095"
166,The Man Who Knew Infinity,0.62,124,0.71,10838,108,"Art House & International, Drama",Edward R. Pressman Film Corporation,"$3,866,794"
167,Where to Invade Next,0.78,186,0.77,11482,110,Documentary,Dog Eat Dog Films,"$3,827,261"
168,Max Steel,0.0,20,0.48,6760,100,"Action & Adventure, Comedy, Science Fiction & Fantasy",Open Road Films,"$3,818,664"
169,Batman: The Killing Joke,0.42,38,0.46,9560,72,"Action & Adventure, Animation, Drama",The Answer Studio,"$3,775,000"
170,A Monster Calls,-,-,-,-,-,-,-,"$3,740,823"
171,Midnight Special,0.83,219,0.67,22128,111,"Drama, Science Fiction & Fantasy",Warner Bros. Pictures,"$3,712,282"
172,Rules Don't Apply,0.56,173,0.33,3531,-,"Comedy, Drama, Romance",20th Century Fox,"$3,652,206"
173,Miss Sloane,0.76,183,0.71,9643,132,Mystery & Suspense,EuropaCorp,"$3,500,605"
174,A Man Called Ove,0.9,111,0.87,9667,116,"Art House & International, Comedy, Drama",Tre Vänner Produktion AB,"$3,479,315"
175,Indignation,0.82,128,0.74,8790,110,Drama,Likely Story,"$3,401,155"
176,Everybody Wants Some!!,0.86,221,0.68,15484,117,Comedy,Paramount Pictures,"$3,400,278"
177,Maggie's Plan,0.86,172,0.52,8049,98,"Comedy, Romance",Rachael Horovitz Productions,"$3,351,735"
178,Sing Street,0.95,196,0.92,16663,106,"Art House & International, Drama, Musical & Performing Arts",Likely Story,"$3,237,118"
179,The Mermaid ,0.94,34,0.6,3977,100,"Comedy, Science Fiction & Fantasy",Sony Pictures,"$3,232,685"
180,Green Room,0.9,221,0.75,21277,94,Horror,A24 Films,"$3,220,371"
181,The Eagle Huntress,0.93,118,0.86,7925,87,Documentary,Kissiki Film,"$3,169,351"
182,Our Kind of Traitor,0.72,138,0.5,7226,107,"Drama, Mystery & Suspense",Film4,"$3,153,157"
183,Compadres,0.38,16,0.52,1082,110,"Action & Adventure, Comedy",Draco Films,"$3,127,773"
184,The Other Side of the Door,0.37,35,0.29,4035,96,"Horror, Mystery & Suspense",-,"$3,000,342"
185,Anthropoid,0.66,102,0.7,6483,120,"Drama, Mystery & Suspense",LD Entertainment,"$2,964,845"
186,The Beatles: Eight Days a Week - The Touring Years,0.96,97,0.89,7946,-,Documentary,Apple Corps,"$2,930,414"
187,2016 Oscar Nominated Short Films,-,-,0.87,1958,-,,-,"$2,816,816"
188,Ip Man 3,0.78,50,0.72,11517,105,"Action & Adventure, Art House & International, Drama",Super Hero Films,"$2,679,437"
189,Miles Ahead,0.73,173,0.57,6563,100,"Drama, Musical & Performing Arts, Special Interest",Crescendo Productions,"$2,610,896"
190,Kapoor & Sons - Since 1921,1.0,8,0.82,1151,150,"Comedy, Drama, Romance",Dharma Productions,"$2,607,036"
191,The Disappointments Room,0.0,23,0.17,3388,100,"Horror, Mystery & Suspense",Relativity Studios,"$2,423,468"
192,Hillsong - Let Hope Rise,0.6,10,0.79,4411,103,"Documentary, Kids & Family",PureFlix,"$2,394,386"
193,Dear Zindagi,0.9,10,0.73,674,150,Comedy,Dharma Productions,"$2,376,479"
194,Elle,0.91,228,0.72,11781,130,"Art House & International, Drama, Mystery & Suspense",SBS Productions,"$2,341,534"
195,A Aa,-,-,0.4,10,152,Comedy,Haarika & Hassine Creations,"$2,313,043"
196,Fan,0.74,309,0.79,86872,132,"Action & Adventure, Kids & Family, Science Fiction & Fantasy",Warner Bros. Pictures,"$2,300,000"
197,Paterson,0.96,240,0.71,15745,115,"Comedy, Drama",K5 International,"$2,152,738"
198,Train to Busan,0.96,95,0.88,11533,118,"Action & Adventure, Art House & International, Horror, Mystery & Suspense",Redpeter Film,"$2,129,768"
199,I'm Not Ashamed,0.22,9,0.83,2581,112,Drama,Visible Pictures,"$2,082,980"
200,A Bigger Splash,0.9,175,0.57,8441,124,"Art House & International, Drama, Mystery & Suspense, Special Interest",StudioCanal,"$2,024,099"
201,The Dressmaker,0.55,128,0.66,9845,118,Drama,Amazon Studios & Broad Green Pictures,"$2,022,115"
202,The Handmaiden,0.95,200,0.91,10398,145,"Art House & International, Drama, Romance",CJ Entertainment,"$2,006,788"
203,Desierto,0.61,83,0.46,4520,90,"Action & Adventure, Drama, Mystery & Suspense",Itaca Films,"$2,002,036"
204,Greater,0.67,15,0.85,3096,130,"Drama, Sports & Fitness",-,"$2,000,093"
205,Demolition,0.53,198,0.53,7960,100,"Comedy, Drama",Fox Searchlight,"$1,978,592"
206,Shin Godzilla,0.84,64,0.73,6463,120,"Action & Adventure, Drama, Science Fiction & Fantasy",Toho Company,"$1,918,403"
207,Purple Rain ,-,-,-,-,-,-,-,"$1,868,075"
208,M.S. Dhoni: The Untold Story,0.75,8,0.74,597,196,Drama,Inspired Entertainment,"$1,801,550"
209,Busco Novio Para Mi Mujer,0.78,9,0.68,1037,92,Comedy,Azucar Films,"$1,741,889"
210,Billy Lynn's Long Halftime Walk,-,-,-,-,-,-,-,"$1,738,477"
211,Harry Potter IMAX Marathon,-,-,-,-,-,-,-,"$1,729,226"
212,"To Joey, with Love",-,-,0.96,214,90,-,Hickory Films,"$1,709,073"
213,Weiner,0.75,110,0.42,3408,90,Comedy,Annapurna Pictures,"$1,676,108"
214,The Comedian,0.14,7,0.33,24,92,Comedy,-,"$1,659,002"
215,I Saw the Light,0.18,149,0.35,3608,123,"Drama, Musical & Performing Arts",Sony Pictures Classics,"$1,646,788"
216,Equity,0.82,91,0.52,4780,100,Drama,Broad Street Pictures,"$1,605,463"
217,Neerja,1.0,9,0.83,1192,122,Drama,Bling Unplugged,"$1,585,687"
218,Jane Got a Gun,0.41,80,0.37,14017,97,"Action & Adventure, Drama, Western",Relativity Media,"$1,513,793"
219,Priceless ,-,-,0.76,2495,97,"Drama, Romance",Radiate Films,"$1,499,605"
220,Julieta,0.83,188,0.74,4834,96,"Art House & International, Drama",El Deseo,"$1,490,948"
221,Toni Erdmann,0.93,218,0.73,6156,162,"Art House & International, Drama",Sony Pictures Classics,"$1,479,387"
222,Genius,0.52,107,0.45,2855,104,Drama,Riverstone Pictures,"$1,361,045"
223,The Little Prince,0.93,95,0.84,14050,106,"Animation, Science Fiction & Fantasy",Netflix,"$1,339,152"
224,The Neon Demon,0.57,240,0.51,8850,110,Horror,Space Rocket Nation,"$1,333,124"
225,Embrace of the Serpent,0.96,139,0.84,8803,123,"Action & Adventure, Art House & International",Buffalo Films,"$1,329,249"
226,Housefull 3,0.29,7,0.51,464,-,"Art House & International, Comedy, Romance",-,"$1,326,999"
227,Mohenjo Daro,0.38,13,0.44,410,-,"Action & Adventure, Romance",UTV Communications,"$1,264,339"
228,Lazer Team,0.56,34,0.69,4259,102,"Comedy, Science Fiction & Fantasy",Rooster Teeth Productions,"$1,186,426"
229,The Music of Strangers,0.84,56,0.84,2271,96,Documentary,Tremolo Productions,"$1,176,781"
230,Vaxxed: From Cover-Up to Catastrophe,0.38,13,0.84,1654,91,Documentary,Del Bigtree Production,"$1,163,265"
231,Dough,0.54,56,0.57,1357,94,"Comedy, Drama",Docler Entertainment,"$1,148,304"
232,Wazir,0.71,7,0.53,482,102,Drama,Rajkumar Hirani Films,"$1,124,045"
233,Papa: Hemingway in Cuba,0.12,42,0.53,1252,109,Drama,Yari Film Group,"$1,115,615"
234,The Insanity of God,-,-,0.84,120,-,Documentary,-,"$1,102,525"
235,Certain Women,0.91,177,0.5,5392,107,Drama,Film Science,"$1,087,585"
236,Rustom,0.4,10,0.54,253,-,"Mystery & Suspense, Romance",-,"$1,087,419"
237,The Innocents,0.94,109,0.86,3053,115,Drama,France 2 Cinéma,"$1,065,665"
238,Elvis & Nixon,0.77,146,0.57,5996,86,Comedy,Amazon Studios,"$1,055,287"
239,Operation Chromite,0.33,18,0.5,542,115,Drama,Taewon Entertainment,"$1,023,348"
240,The Hollars,0.45,91,0.59,3780,88,"Comedy, Drama, Kids & Family",Sony Pictures Classics,"$1,016,985"
241,Baar Baar Dekho,0.43,7,0.49,276,-,"Art House & International, Drama, Romance",Junglee Pictures,"$981,947"
242,Dark Horse ,0.97,63,0.77,6017,124,"Art House & International, Drama",Southern Light Films,"$940,715"
243,Neruda,0.93,145,0.69,5043,107,Drama,The Orchard,"$939,101"
244,Gentleman,-,-,-,-,-,-,-,"$897,876"
245,Believe ,0.33,6,0.7,711,120,Drama,Power of 3,"$890,303"
246,Ki & Ka,-,-,-,-,-,-,-,"$857,986"
247,Premam,-,-,0.87,194,156,"Art House & International, Comedy, Romance",Blue Sky Cinema,"$828,278"
248,Dishoom,0.56,9,0.49,301,124,,Nadiadwala Grandson Entertainment,"$812,737"
249,Operation Mekong,0.78,9,0.6,768,124,"Action & Adventure, Drama",Bona Film Group Limited,"$800,012"
250,The Wailing ,0.99,79,0.81,6698,156,"Art House & International, Drama, Mystery & Suspense",-,"$786,633"
251,31,0.49,41,0.35,4426,103,Horror,Bow and Arrow Entertainment,"$779,820"
252,Chongqing Hot Pot,-,-,-,-,-,-,-,"$779,818"
253,The Polar Express ,-,-,-,-,-,-,-,"$765,154"
254,I Belonged to You,-,-,0.54,287,111,"Art House & International, Romance",-,"$744,541"
255,Saturday's Warrior,-,-,0.7,462,119,-,-,"$744,046"
256,The Monkey King 2 in 3D,-,-,-,-,-,-,-,"$709,982"
257,Little Men ,0.96,137,0.64,7387,85,Drama,Race Point Films,"$702,537"
258,Chaar Sahibzaade: Rise of Band Singh Bahadur,-,-,-,-,-,-,-,"$700,723"
259,Mr. Church,0.24,33,0.79,4524,104,Drama,Envision Media Arts,"$685,780"
260,Born to be Blue ,0.89,114,0.74,6832,98,"Art House & International, Drama, Musical & Performing Arts",New Real Films,"$678,203"
261,American Honey,0.79,197,0.64,8297,162,Drama,Parts and Labor,"$663,246"
262,El Jeremias,-,-,0.86,170,95,"Art House & International, Comedy, Drama, Kids & Family",Terregal Films,"$650,465"
263,City of Gold,0.92,60,0.81,3747,91,Documentary,Sundance Selects,"$640,979"
264,Remember ,0.72,95,0.78,4857,95,"Art House & International, Drama, Mystery & Suspense",A24 and DIRECTV,"$637,555"
265,Embrace: The Documentary,-,-,-,-,-,-,-,"$629,126"
266,Range 15,-,-,0.86,661,102,Comedy,Street Justice Films,"$621,738"
267,The Bronze,0.35,97,0.44,4914,100,"Comedy, Drama",Relativity Entertainment,"$615,816"
268,Tickled,0.93,106,0.86,4348,92,Documentary,Magnolia Pictures,"$613,956"
269,Master,0.33,93,0.35,27305,90,Comedy,Relativity Media,"$597,251"
270,"Lo and Behold, Reveries of the Connected World",0.93,133,0.67,5949,98,Documentary,Saville Productions,"$594,912"
271,Gleason,0.96,68,0.9,3872,110,Documentary,Dear Rivers Production,"$583,664"
272,A Tale of Love and Darkness,0.69,61,0.49,2457,95,"Art House & International, Drama",Focus World,"$572,212"
273,Tunnel,1.0,15,0.81,961,127,"Art House & International, Drama, Mystery & Suspense",Well Go USA Entertainment,"$568,876"
274,Knight of Cups,0.46,168,0.37,6286,118,"Drama, Romance",Broad Green Pictures,"$566,006"
275,Harry & Snowman,-,-,-,-,-,-,-,"$561,460"
276,Cold War 2,0.56,9,0.57,503,114,"Action & Adventure, Mystery & Suspense",Edko Films,"$560,824"
277,American Pastoral,0.21,112,0.29,2559,126,Drama,Lakeshore Entertainment,"$544,098"
278,The Age of Shadows,1.0,43,0.82,1331,139,"Action & Adventure, Drama",-,"$541,719"
279,Fitoor,0.18,11,0.45,319,140,"Art House & International, Drama, Romance",Disney India,"$528,799"
280,The First Monday in May,0.78,55,0.7,1842,90,Documentary,Conde Nast Entertainment,"$527,474"
281,Willy Wonka and the Chocolate Factory ,-,-,-,-,-,-,-,"$526,633"
282,Unsullied,-,-,-,-,-,-,-,"$510,957"
283,Befikre,0.38,8,0.39,198,150,"Comedy, Drama, Romance",-,"$498,000"
284,Marguerite,0.95,104,0.74,1752,127,Drama,Fidélité Films,"$497,323"
285,The Boy and the Beast,0.9,67,0.88,2898,119,"Action & Adventure, Animation, Art House & International",FUNimation Entertainment,"$490,643"
286,Wiener-Dog,0.75,110,0.42,3408,90,Comedy,Annapurna Pictures,"$477,453"
287,Detective Chinatown ,-,-,0.76,362,136,Mystery & Suspense,mm2 Entertainment,"$474,252"
288,Our Little Sister,0.94,109,0.82,3039,128,Drama,Sony Pictures Classics,"$467,555"
289,Luck-Key,-,-,0.75,147,112,"Action & Adventure, Art House & International, Comedy",Yong Film,"$466,505"
290,Only Yesterday ,-,-,-,-,-,-,-,"$453,243"
291,Gimme Danger,0.94,104,0.68,2165,108,Documentary,Low Mind Films,"$440,627"
292,Baaghi,0.33,9,0.47,304,133,,Benetone Films,"$438,207"
293,I Am Not Madame Bovary,0.84,51,0.7,573,128,"Art House & International, Comedy, Drama",-,"$436,798"
294,Land of Mine,-,-,-,-,-,-,-,"$435,266"
295,Mad Max: Fury Road ,-,-,-,-,-,-,-,"$421,986"
296,Voiceless,-,-,0.5,159,107,Drama,American Hero Films,"$419,952"
297,Things To Come,1.0,136,0.7,6618,100,"Art House & International, Drama",IFC Films,"$388,140"
298,The Wasted Times,0.2,5,0.76,372,123,"Art House & International, Drama, Mystery & Suspense, Romance",China Lion Film Distribution,"$386,540"
299,The Lobster ,0.87,237,0.64,33591,118,"Comedy, Cult Movies, Drama, Science Fiction & Fantasy",A24 Films,"$376,871"
300,Mr. Donkey,-,-,0.89,217,112,Comedy,China Lion Film Distribution,"$356,255"
301,Eat That Question: Frank Zappa in His Own Words,0.91,70,0.73,1584,90,"Art House & International, Documentary",Les Films du Poisson,"$355,074"
302,Happy Bhaag Jayegi,-,-,-,-,-,-,-,"$351,840"
303,Kahaani 2,1.0,5,0.59,227,-,"Drama, Mystery & Suspense",-,"$350,703"
304,L.O.R.D: Legend of Ravaging Dynasties,-,-,0.3,110,117,"Action & Adventure, Drama, Science Fiction & Fantasy",Lionsgate Home Entertainment,"$350,456"
305,High-Rise,0.59,203,0.36,11942,112,"Action & Adventure, Art House & International, Drama, Science Fiction & Fantasy",Embargo Films,"$346,472"
306,Te3n,0.75,12,0.67,384,137,Drama,Cinemaa Pictures,"$331,507"
307,Kaashmora,-,-,0.22,27,-,"Comedy, Horror",Dream Warrior Pictures,"$327,959"
308,The Bounce Back,0.67,6,0.76,1579,104,"Comedy, Romance",Ankle Sock & Baseball Pants,"$321,910"
309,AmeriGeddon,-,-,0.55,746,92,Action & Adventure,-,"$316,554"
310,Francofonia,0.86,70,0.46,1066,88,Documentary,Idéale Audience,"$307,040"
311,Mia Madre,0.87,84,0.6,2680,107,"Art House & International, Comedy, Drama",Music Box Films,"$303,002"
312,Christine ,0.82,62,0.52,401,112,Documentary,4th Row Films,"$298,525"
313,April and the Extraordinary World,0.96,53,0.76,3357,105,"Action & Adventure, Animation, Comedy",GKIDS,"$295,488"
314,Ixcanul,1.0,35,0.75,1207,91,"Art House & International, Drama",La Casa de Production,"$295,157"
315,The People vs. Fritz Bauer,0.86,36,0.76,669,105,"Art House & International, Drama",Westdeutscher Rundfunk,"$288,483"
316,Aquarius,0.97,104,0.77,1730,142,"Art House & International, Drama",Vitagraph Films,"$285,930"
317,Kingsglaive: Final Fantasy: XV,0.12,17,0.68,3013,110,"Action & Adventure, Animation, Art House & International, Drama",Square Enix Company,"$269,980"
318,My Golden Days,0.89,72,0.49,1359,120,Drama,Magnolia Pictures,"$269,144"
319,The Family Fang,0.81,81,0.47,4428,105,Drama,Red Crown Productions,"$262,921"
320,Minimalism: A Documentary About the Important Things,-,-,0.51,514,79,Documentary,Catalyst Films,"$261,865"
321,Dheepan,0.87,120,0.82,4253,100,Drama,Sundance Selects,"$261,819"
322,Yo-kai Watch: The Movie,0.8,5,0.73,72,95,"Action & Adventure, Anime & Manga",Eleven Arts,"$257,343"
323,"Life, Animated",0.94,102,0.81,3757,89,Documentary,A&E IndieFilms,"$255,388"
324,Oasis: Supersonic,0.83,52,0.87,2217,122,Documentary,Mint Pictures,"$242,867"
325,The Invitation,0.87,95,0.7,13073,100,Mystery & Suspense,Drafthouse Films,"$231,737"
326,Jimmy Vestvood: Amerikan Hero,0.83,6,0.8,538,84,"Action & Adventure, Comedy",Gravitas Ventures,"$230,069"
327,The Love Witch,0.95,108,0.6,2202,120,"Drama, Horror, Mystery & Suspense",Oscilloscope Laboratories,"$228,894"
328,Tampopo ,-,-,-,-,-,-,-,"$224,097"
329,Miss Hokusai,0.93,54,0.7,927,93,"Animation, Art House & International, Drama, Special Interest",GKIDS,"$222,670"
330,Spirit of the Game,-,-,0.77,92,95,Drama,The Steve Jaggi Company,"$222,565"
331,Naam Hai Akira,0.38,8,0.37,168,139,Drama,A. R. Murugadoss Productions,"$219,401"
332,Ho Mann Jahaan,-,-,0.7,35,170,"Art House & International, Drama, Musical & Performing Arts",-,"$208,611"
333,Seed: The Untold Story,0.92,13,0.82,149,94,Documentary,Collective Eye,"$207,825"
334,Kaptaan,-,-,-,-,-,-,-,"$203,790"
335,El Clan,0.88,74,0.77,1616,108,"Art House & International, Drama, Special Interest",-,"$201,227"
336,White Girl,0.7,43,0.44,1771,88,Drama,Killer Films,"$200,242"
337,The Fallen Idol ,-,-,-,-,-,-,-,"$199,619"
338,Complete Unknown,0.5,70,0.24,953,90,Drama,Parts and Labor,"$191,761"
339,Digimon Adventure tri.,-,-,0.89,78,88,"Action & Adventure, Animation",Toei Animation,"$190,581"
340,The Masked Saint,0.14,7,0.61,573,111,Action & Adventure,Freestyle Releasing,"$182,695"
341,League of Gods,-,-,0.34,253,-,"Action & Adventure, Drama, Science Fiction & Fantasy",Sony Pictures,"$181,633"
342,Viva,0.82,51,0.87,758,100,"Art House & International, Drama",Windmill Lane Pictures,"$178,008"
343,The Wave,0.87,15,0.67,1840,72,"Animation, Art House & International, Drama, Television, Romance",GKIDS,"$177,404"
344,Asura: The City of Madness,0.8,10,0.69,204,136,"Action & Adventure, Art House & International, Drama",CJ Entertainment,"$175,702"
345,Hieronymus Bosch: Touched by the Devil,0.58,19,0.43,153,89,Documentary,Pieter Van Huystee Film and Television,"$172,533"
346,Apparition Hill,-,-,0.97,226,115,Documentary,Stella Mar Films,"$170,457"
347,The Fits,0.98,99,0.55,2251,72,Drama,La Biennale di Venezia,"$166,425"
348,De Palma,0.95,104,0.85,1438,107,Documentary,Empire Ward,"$165,237"
349,Louder than Bombs,0.74,123,0.51,3075,105,Drama,Motlys AS,"$163,807"
350,Howards End ,-,-,-,-,-,-,-,"$160,282"
351,Beauty and the Beast ,0.32,22,0.53,3708,112,"Mystery & Suspense, Science Fiction & Fantasy, Romance",Shout! Factory Films,"$160,215"
352,Sunset Song,0.8,111,0.5,2583,135,"Art House & International, Drama, Romance",Iris Productions,"$159,714"
353,The Witness,0.91,58,0.77,2010,90,Documentary,Five More Minutes Productions,"$159,305"
354,Eva Hesse,0.79,19,0.64,180,108,Documentary,-,"$157,481"
355,Born to be Blue,0.89,114,0.74,6832,98,"Art House & International, Drama, Musical & Performing Arts",New Real Films,"$151,926"
356,Generation Found,-,-,-,6,85,Documentary,4th Dimension Productions,"$151,751"
357,Kicks,0.86,37,0.73,1959,80,"Action & Adventure, Drama",Animal Kingdom,"$150,191"
358,Seasons,0.96,26,0.71,1103,95,Documentary,Music Box Films,"$150,092"
359,Rams ,0.95,101,0.84,1995,90,Drama,Cohen Media Group,"$149,250"
360,Michael Moore In TrumpLand,0.53,34,0.46,832,73,Documentary,Dog Eat Dog Films,"$149,090"
361,Touched with Fire,0.69,48,0.9,3946,106,Drama,-,"$146,487"
362,Krisha,0.96,74,0.78,2159,83,Drama,A24 Films,"$144,822"
363,Psycho-Pass: The Movie,-,-,0.73,234,113,"Action & Adventure, Animation, Art House & International, Science Fiction & Fantasy",Dentsu,"$138,366"
364,The Kind Words,0.78,9,0.5,133,118,"Art House & International, Comedy, Drama",Amérique Film,"$135,382"
365,Tumbledown,0.7,37,0.61,1172,105,Comedy,Echo Films,"$135,026"
366,ISM,-,-,-,-,-,-,-,"$134,165"
367,Dawson City: Frozen Time,-,-,-,-,-,-,-,"$132,369"
368,Requiem for the American Dream,0.92,25,0.84,3204,75,Documentary,PF Pictures,"$130,152"
369,The Brand New Testament,0.82,74,0.68,2806,112,Comedy,Music Box Films,"$127,910"
370,Chimes at Midnight ,-,-,-,-,-,-,-,"$126,724"
371,Spirits' Homecoming,-,-,0.43,11,127,Drama,-,"$125,616"
372,Sweet Bean,0.83,53,0.85,405,113,Drama,-,"$124,800"
373,A War,0.91,380,0.89,177272,146,"Action & Adventure, Science Fiction & Fantasy",Walt Disney Pictures,"$122,902"
374,Fire at Sea,0.94,88,0.66,2291,108,"Art House & International, Documentary",21UNO FILM,"$120,933"
375,Miss Sharon Jones,0.9,51,0.87,362,93,Documentary,Cabin Creek Films,"$120,880"
376,Hockney,0.84,44,0.67,326,112,"Documentary, Special Interest",Film Movement,"$120,745"
377,Three,-,-,-,-,-,-,-,"$119,550"
378,Remember the Goal,-,-,0.65,140,-,Drama,-,"$119,100"
379,Tale of Tales,0.82,100,0.56,6123,125,"Horror, Science Fiction & Fantasy",Sundance Selects,"$118,925"
380,Victor,-,-,-,-,-,-,-,"$117,755"
381,Caged No More,-,-,0.67,160,90,Drama,Check the Gate Productions,"$114,959"
382,The Measure of a Man,0.92,60,0.6,851,93,"Art House & International, Drama",Nord-Ouest Films,"$112,391"
383,Elevator to the Gallows ,-,-,-,-,-,-,-,"$111,267"
384,Zero Days,0.91,70,0.74,3205,116,Documentary,Jigsaw Productions,"$109,649"
385,Aferim!,0.98,40,0.74,1000,108,"Action & Adventure, Art House & International, Comedy, Drama",Big World Pictures,"$108,110"
386,Best Worst Thing That Ever Could Have Happened,0.94,18,0.74,428,95,Documentary,Atlas Media Corporation,"$106,986"
387,Dekalog ,-,-,-,-,-,-,-,"$106,494"
388,Until Forever ,-,-,0.85,59,100,Drama,Linn Productions,"$105,358"
389,Under the Sun ,0.93,29,0.69,597,106,Documentary,Vertov Studio,"$105,036"
390,Dictator,-,-,-,-,-,-,-,"$104,734"
391,Demon,0.57,240,0.51,8850,110,Horror,Space Rocket Nation,"$104,038"
392,Puerto Ricans in Paris,0.36,22,0.36,397,100,Comedy,Focus World,"$102,890"
393,Cameraperson,0.99,97,0.69,940,102,Documentary,Fork Films,"$102,033"
394,Tower,0.99,89,0.89,3236,82,"Animation, Documentary",Go-Valley,"$101,987"
395,Our Last Tango,0.9,29,0.56,200,85,"Art House & International, Documentary",German Kral Filmproduktion,"$100,086"
396,Rock On 2,0.29,7,0.25,13,143,"Art House & International, Drama, Musical & Performing Arts",Excel Entertainment,"$98,868"
397,Seondal: The Man Who Sells the River,-,-,0.67,96,121,Comedy,-,"$97,477"
398,So Young 2: Never Gone,-,-,0.61,189,99,Comedy,-,"$96,421"
399,The Fight Within,0.4,5,0.79,84,90,"Action & Adventure, Romance, Sports & Fitness",New Life Cinema,"$94,326"
400,"New York, New York ",-,-,-,-,-,-,-,"$92,377"
401,Other People,0.85,54,0.8,2471,97,Drama,Gettin' Rad Productions,"$91,441"
402,Morris from America,0.88,81,0.6,2244,89,Drama,A24 and DIRECTV,"$91,151"
403,Fireworks Wednesday,1.0,43,0.83,1069,104,"Art House & International, Drama",Grasshopper Film,"$90,519"
404,No One's Life Is Easy: So I Married an Anti-Fan,-,-,0.58,20,120,"Comedy, Romance",China Lion Entertainment,"$89,282"
405,"My Love, Don't Cross that River",0.77,26,0.63,475,86,"Documentary, Kids & Family, Romance",Argus Film Produktie,"$88,018"
406,Sand Storm,0.92,39,0.86,240,87,"Art House & International, Drama",Beta Cinema,"$86,800"
407,Author: The JT LeRoy Story,0.78,88,0.61,470,110,Documentary,RatPac Documentary Films,"$85,999"
408,Los Sures,1.0,7,-,13,56,Documentary,-,"$83,992"
409,Ocean Waves,0.87,15,0.67,1840,72,"Animation, Art House & International, Drama, Television, Romance",GKIDS,"$83,962"
410,Mountains May Depart,0.92,75,0.66,665,131,"Art House & International, Drama",Arte France Cinéma,"$82,913"
411,Cock and Bull,-,-,-,-,-,-,-,"$82,778"
412,A Street Cat Named Bob,0.77,61,0.76,4819,103,"Comedy, Drama",Cleopatra Entertainment,"$82,703"
413,Vita Activa: The Spirit of Hannah Arendt,0.94,16,0.88,87,125,Documentary,Kino Lorber,"$82,143"
414,King Cobra,0.44,32,0.33,1549,91,Drama,Yale Productions,"$81,757"
415,Les cowboys,0.84,43,0.7,296,104,"Art House & International, Drama",Les Productions du Trésor,"$80,843"
416,For the Love of Spock,1.0,29,0.81,1634,111,Documentary,Gravitas Ventures,"$80,141"
417,My Best Friend's Wedding ,-,-,0.27,65,91,Comedy,China Film Group,"$78,578"
418,Sky on Fire,0.4,10,0.17,112,100,"Action & Adventure, Mystery & Suspense",Skyland Films,"$78,366"
419,Colliding Dreams,0.94,17,0.61,215,134,Documentary,National Endowment for the Humanities,"$78,288"
420,Saala Khadoos,0.83,6,0.75,162,-,Drama,UTV Communications,"$76,931"
421,Don't Blink - Robert Frank,-,-,-,-,-,-,-,"$76,134"
422,Sword Master,0.67,12,0.56,381,108,"Action & Adventure, Drama",Bona Film Group Limited,"$75,526"
423,Do Not Resist,0.9,40,0.6,250,73,Documentary,Vanish Films,"$72,791"
424,Dancer,0.88,32,0.88,385,85,Documentary,Sundance Selects,"$71,917"
425,Raiders!: The Story of the Greatest Fan Film Ever Made,0.9,50,0.77,955,104,Documentary,Drafthouse Films,"$71,916"
426,Sweet 20,-,-,0.83,35,127,"Comedy, Romance",CJ Entertainment America,"$71,775"
427,The Congressman,0.33,6,0.41,62,98,Drama,-,"$71,451"
428,Norman Lear: Just Another Version of You,0.86,42,0.65,483,91,Documentary,Loki Films,"$70,950"
429,The Dark Horse,0.97,63,0.77,6017,124,"Art House & International, Drama",Southern Light Films,"$67,533"
430,Phantom Detective,0.83,6,0.5,30,123,"Action & Adventure, Drama",CJ Entertainment,"$67,054"
431,Max Rose,0.39,44,0.56,297,86,"Comedy, Drama",Paladin,"$66,680"
432,King Georges,1.0,9,0.53,239,78,Documentary,Sundance Selects,"$66,175"
433,Ran ,-,-,-,-,-,-,-,"$66,097"
434,Microbe & Gasoline,0.91,55,0.72,823,103,Comedy,Screen Media Films,"$63,802"
435,The Tenth Man,0.71,14,0.36,131,82,"Art House & International, Comedy, Drama",BDCine,"$63,564"
436,Trapped ,1.0,24,0.76,201,83,Documentary,Big Mouth Productions,"$63,241"
437,Creative Control,0.61,54,0.39,572,97,"Drama, Science Fiction & Fantasy",Magnolia Pictures,"$63,014"
438,Mifune: The Last Samurai,0.82,34,0.75,752,80,"Art House & International, Documentary",Creative Associates Limited,"$62,279"
439,Too Late,0.72,32,0.62,542,107,Drama,-,"$60,438"
440,Girl Asleep,0.82,38,0.59,766,77,"Art House & International, Kids & Family",Soft Tread Enterprises,"$60,289"
441,Presenting Princess Shaw,0.91,45,0.66,405,80,"Art House & International, Documentary, Musical & Performing Arts",-,"$60,197"
442,Time Renegades,-,-,0.35,47,107,"Art House & International, Mystery & Suspense, Science Fiction & Fantasy, Romance",CJ Entertainment,"$59,425"
443,Vanishing Time: A Boy Who Returned,-,-,0.76,56,129,"Drama, Science Fiction & Fantasy",Showbox,"$57,759"
444,Command and Control,0.95,39,0.72,256,92,Documentary,Robert Kenner Films,"$57,635"
445,Sold,0.5,215,0.82,33285,144,"Action & Adventure, Drama",Paramount Pictures,"$57,527"
446,Pele: Birth of a Legend,0.3,30,0.68,1494,107,"Drama, Sports & Fitness",IFC Films,"$57,046"
447,The Battle of Algiers ,-,-,-,-,-,-,-,"$56,853"
448,DONGJU: The Portrait of a Poet,-,-,-,-,-,-,-,"$56,550"
449,Wedding Doll,0.8,25,0.82,80,82,"Art House & International, Drama",Gilady Nitzan Films,"$56,196"
450,L'attesa,-,-,-,-,-,-,-,"$55,804"
451,The Lovers and the Despot,0.78,72,0.52,329,94,"Documentary, Mystery & Suspense",-,"$55,511"
452,Voyage of Time: The IMAX Experience,0.89,28,0.76,1830,45,Documentary,Sophisticated Films,"$55,409"
453,Regression,0.15,40,0.21,7807,106,"Drama, Mystery & Suspense",The Weinstein Company,"$55,039"
454,Clown,0.45,22,0.37,4766,99,Horror,"Dimension Films, Anchor Bay Entertainment","$55,007"
455,Diary of a Chambermaid,0.68,34,0.24,367,95,"Art House & International, Drama",Les Films du Lendemain,"$54,235"
456,My King ,0.72,72,0.77,513,125,"Drama, Romance",Les Productions du Trésor,"$54,114"
457,In a Valley of Violence,0.76,66,0.51,4001,104,"Action & Adventure, Western",Blumhouse Productions,"$53,647"
458,High Strung ,0.75,8,0.65,845,97,"Drama, Musical & Performing Arts, Romance",Riviera Films,"$53,447"
459,The Club,0.87,86,0.82,1384,97,"Art House & International, Drama",Music Box Films,"$52,761"
460,Being 17,0.94,36,0.73,587,114,"Comedy, Drama",Fidélité Films,"$52,713"
461,The Last Man on the Moon,0.93,45,0.78,3804,99,Documentary,Gravitas Ventures,"$52,482"
462,My Annoying Brother,-,-,0.79,82,110,"Comedy, Drama",CJ Entertainment,"$51,996"
463,Cemetery of Splendor,0.96,78,0.61,1073,122,Art House & International,Kick the Machine,"$51,950"
464,Disorder,0.73,75,0.52,2270,101,"Art House & International, Drama, Mystery & Suspense",Scope Pictures,"$51,879"
465,The Unknowns,0.45,20,0.15,1523,90,"Drama, Mystery & Suspense, Science Fiction & Fantasy",3311 Productions,"$51,035"
466,Like for Likes,-,-,0.43,49,120,"Art House & International, Romance",CJ Entertainment America,"$50,839"
467,In the Shadow of Women,0.87,38,0.55,456,73,"Art House & International, Drama, Romance",SBS Productions,"$50,291"
468,The Take ,-,-,-,-,-,-,-,"$50,269"
469,In Order of Disappearance,0.85,62,0.73,2425,115,"Action & Adventure, Art House & International, Comedy",Magnet Releasing,"$50,251"
470,The Treasure,0.94,36,0.42,518,89,Comedy,-,"$50,203"
471,Fatima,0.84,25,0.55,142,79,"Art House & International, Drama",-,"$50,105"
472,Ma ma,-,-,-,-,-,-,-,"$47,258"
473,Tanna,0.91,35,0.76,746,104,"Art House & International, Drama, Romance",Screen Australia,"$46,654"
474,The Greasy Strangler,0.65,51,0.52,1112,93,"Comedy, Horror",Rook Films,"$45,878"
475,3 Weeks in Yerevan,-,-,-,88,-,Comedy,Wet Paint Production,"$45,536"
476,We Are X,0.79,24,0.87,324,95,Documentary,Passion Pictures,"$45,270"
477,A Melody to Remember,-,-,-,30,124,"Art House & International, Drama",-,"$44,263"
478,Nuts!,0.96,48,0.78,260,79,Documentary,Cartuna,"$44,230"
479,Danny Says,0.72,29,0.51,171,104,Documentary,Magnolia Pictures,"$44,213"
480,Phantom of the Theatre,0.45,11,0.29,105,103,"Art House & International, Mystery & Suspense, Science Fiction & Fantasy, Romance",Bona Entertainment Company Limited,"$43,955"
481,The Land,0.91,410,0.81,69700,128,"Comedy, Drama, Musical & Performing Arts",Liongate Films,"$43,756"
482,Mastizaade,-,-,-,-,-,-,-,"$43,403"
483,Closet Monster,0.78,27,0.72,2261,90,Drama,Rhombus Media,"$42,166"
484,Daughters of the Dust ,-,-,-,-,-,-,-,"$40,986"
485,Wild Oats,0.0,5,0.33,250,91,Comedy,The Weinstein Company,"$40,598"
486,Is That a Gun in Your Pocket?,0.0,11,0.93,409,97,Comedy,The Vault,"$39,928"
487,The Homeless Billionaire,-,-,-,149,88,Comedy,-,"$39,493"
488,La Notte ,-,-,-,0,90,Drama,-,"$39,236"
489,Restored Me,-,-,-,3,135,-,NYC Films,"$38,745"
490,Catching the Sun,0.71,7,0.85,29,75,Documentary,7th Empire Media,"$38,613"
491,Spa Night,0.95,21,0.6,254,93,Drama,Nonetheless Productions,"$38,578"
492,Germans & Jews,1.0,9,-,85,76,Documentary,-,"$38,100"
493,Band of Outsiders ,-,-,-,-,-,-,-,"$38,004"
494,Come What May,0.42,19,0.53,66,114,Drama,Cohen Media Group,"$37,766"
495,Trust Fund,-,-,0.71,89,107,Drama,Transatlantic Films,"$36,885"
496,How to Let Go of the World and Love All Things Climate Can't Change,-,-,-,-,-,-,-,"$36,386"
497,"Kill Me, Deadly",-,-,1.0,50,100,Comedy,-,"$36,027"
498,Until Forever,-,-,0.85,59,100,Drama,Linn Productions,"$35,839"
499,Summertime ,0.91,56,0.72,494,105,"Art House & International, Drama, Romance",Pyramide Productions,"$35,322"
500,Songs My Brothers Taught Me,0.91,23,0.63,425,98,Drama,Highwayman Films,"$34,793"
501,Mr. Right,0.44,52,0.54,5934,90,"Action & Adventure, Comedy, Romance",Circle of Confusion,"$34,694"
502,Phantom Boy,0.88,49,0.73,469,84,"Animation, Art House & International, Kids & Family, Science Fiction & Fantasy",Folimage,"$34,362"
503,Sweet Sixteen ,-,-,-,36,93,"Drama, Romance",China Lion Film Distribution,"$34,327"
504,Eisenstein in Guanajuato,0.6,53,0.5,272,105,"Comedy, Romance",Submarine,"$34,282"
505,Off the Rails,1.0,23,0.83,144,86,Documentary,Gemini Pictures,"$34,249"
506,Last Cab to Darwin,0.91,34,0.8,1265,123,Drama,Last Cab Holdings,"$34,193"
507,The Map Against the World,-,-,-,12,129,"Art House & International, Drama",-,"$34,034"
508,Equals,0.35,82,0.41,2957,101,"Drama, Science Fiction & Fantasy",A24 and DIRECTV,"$33,258"
509,Multiple Maniacs ,-,-,-,-,-,-,-,"$33,036"
510,The Intervention,0.8,46,0.49,2209,90,"Comedy, Drama",Burn Later Productions,"$32,919"
511,Monster Hunt,0.63,27,0.48,638,115,"Action & Adventure, Comedy, Science Fiction & Fantasy",Edko Films,"$32,766"
512,No Home Movie,0.91,32,0.73,162,115,"Art House & International, Documentary",Icarus Films,"$32,757"
513,Rurouni Kenshin: Origins,-,-,-,-,-,-,-,"$32,445"
514,Anesthesia,0.26,43,0.49,707,90,Drama,IFC Films,"$32,163"
515,"Rio, I Love You",0.08,24,0.12,191,110,"Comedy, Drama, Romance",Conspiração Filmes,"$31,982"
516,Under the Shadow,0.99,82,0.74,4622,84,"Art House & International, Horror, Mystery & Suspense",Wigwam Films,"$31,900"
517,Paths of the Soul,0.93,14,0.95,106,117,Drama,LETV Pictures Co,"$31,747"
518,As I Open My Eyes,1.0,17,0.52,94,102,"Art House & International, Drama",Kino Lorber,"$30,989"
519,The Son of Joseph,-,-,-,-,-,-,-,"$30,588"
520,Being Charlie,0.23,43,0.38,474,97,Drama,Castle Rock Entertainment,"$30,400"
521,Men & Chicken,-,-,-,-,-,-,-,"$30,207"
522,From Afar,0.79,48,0.54,312,93,"Art House & International, Drama",Malandro Films,"$30,169"
523,For a Few Bullets,-,-,0.38,11,115,"Action & Adventure, Comedy, Drama",China Lion Film Distribution,"$30,142"
524,Therapy for a Vampire,0.63,30,0.5,127,87,"Comedy, Horror",Novotny & Novotny Filmproduktion,"$30,115"
525,The Seventh Fire,0.93,27,0.53,365,88,Documentary,Sundial Pictures,"$30,112"
526,The Best Democracy Money Can Buy: A Tale of Billionaires & Ballot Bandits,-,-,-,-,-,-,-,"$29,500"
527,The Dog Wedding,-,-,1.0,31,90,"Comedy, Romance",25th Frame,"$29,495"
528,Troublemakers: The Story of Land Art,0.94,16,0.7,100,72,Documentary,Summitridge Pictures,"$29,462"
529,The Last Princess,-,-,0.59,43,-,Art House & International,-,"$29,259"
530,Time to Choose,0.86,21,0.79,494,97,Documentary,Representational Pictures,"$29,233"
531,Valley of Love,0.73,51,0.55,191,91,"Art House & International, Drama",LGM Cinéma,"$28,648"
532,The Seasons in Quincy: Four Portraits of John Berger,0.68,22,0.49,90,90,Documentary,Derek Jarman Lab,"$28,456"
533,"Rabin, the Last Day",0.68,19,0.43,104,153,Drama,Agav Films,"$28,411"
534,Take Me to the River ,0.74,34,0.42,390,84,Drama,-,"$28,041"
535,Kaili Blues,0.96,26,0.85,155,113,"Art House & International, Drama, Mystery & Suspense",-,"$27,477"
536,Unlocking the Cage,0.82,38,0.73,187,91,"Documentary, Drama",Pennebaker Hegedus Films,"$27,284"
537,The Eyes of My Mother,0.77,91,0.56,3206,77,"Drama, Horror",Magnet Releasing,"$27,099"
538,Blackway,0.2,5,0.27,854,90,Mystery & Suspense,Enderby Entertainment,"$27,079"
539,Neon Bull,0.89,44,0.67,448,101,"Art House & International, Drama",-,"$26,734"
540,Papa ,0.12,42,0.53,1252,109,Drama,Yari Film Group,"$26,677"
541,Front Cover,0.82,11,0.49,250,87,Comedy,NewVoice Production,"$26,409"
542,Standing Tall ,0.81,36,0.77,235,120,"Art House & International, Drama",Wild Bunch,"$26,144"
543,Chevalier,0.84,73,0.52,551,99,"Art House & International, Comedy, Drama",Haos Film,"$25,696"
544,Gurukulam,0.43,14,-,27,108,"Documentary, Drama",Matson Films,"$25,651"
545,Kate Plays Christine,0.82,62,0.52,401,112,Documentary,4th Row Films,"$25,564"
546,Banjo,-,-,-,-,-,-,-,"$25,531"
547,The New Year's Eve of Old Lee,-,-,-,16,100,Drama,-,"$25,358"
548,Disturbing the Peace,1.0,13,0.69,182,82,Documentary,Reconsider,"$25,287"
549,Cosmos,0.8,30,0.45,164,103,Drama,Alfama Films Production,"$25,269"
550,A Monster with a Thousand Heads,0.92,39,0.68,158,74,"Art House & International, Drama, Mystery & Suspense",Buenaventura Films,"$24,852"
551,Evolution,0.8,56,0.45,2462,81,"Art House & International, Drama",Les Films du Worso,"$24,770"
552,Sudden Fear ,-,-,-,-,-,-,-,"$24,476"
553,"Right Now, Wrong Then",0.93,41,0.63,302,121,Drama,-,"$24,470"
554,Lolo,0.56,34,0.31,212,100,"Art House & International, Comedy",France 2 Cinéma,"$24,134"
555,The Fiance,-,-,-,14,80,"Comedy, Horror",Firebreathing Films,"$23,986"
556,Southbound,0.8,49,0.51,3590,89,"Horror, Mystery & Suspense, Science Fiction & Fantasy",-,"$23,665"
557,Gridiron Heroes,-,-,-,-,-,-,-,"$23,487"
558,Project Itoh - Harmony,-,-,-,-,-,-,-,"$23,248"
559,Goat,0.78,73,0.44,3989,96,Drama,Killer Films,"$23,020"
560,The Black Dove,-,-,-,9,115,Drama,The Black Dove LLC,"$22,517"
561,Kamikaze '89,-,-,-,-,-,-,-,"$22,440"
562,Be Here Now: The Andy Whitfield Story,1.0,6,0.93,176,100,"Documentary, Drama",Be Here Now Productions,"$22,424"
563,Generation Startup,0.71,7,0.81,80,93,Documentary,Creative Breed,"$22,271"
564,Reparation,-,-,0.79,57,105,"Drama, Mystery & Suspense",Red Dirt Pictures,"$22,267"
565,Sanam Teri Kasam,-,-,0.75,518,-,"Art House & International, Romance",-,"$22,121"
566,Blue Jay,0.9,30,0.76,2297,85,Drama,Duplass Brothers,"$21,626"
567,Thank You for Your Service,-,-,0.7,100,90,Documentary,CreativeChaos,"$21,497"
568,Term Life,0.0,7,0.3,1452,93,"Action & Adventure, Mystery & Suspense",Focus World,"$21,256"
569,Already Tomorrow in Hong Kong,0.76,21,0.58,640,78,"Comedy, Romance",Unbound Feet Productions,"$21,206"
570,Almost Holy,0.98,43,0.82,499,100,Documentary,-,"$21,142"
571,Time Changer ,-,-,-,-,-,-,-,"$20,797"
572,Hunter Gatherer,0.95,21,0.59,308,85,Drama,Mama Bear Studios,"$20,641"
573,Band of Robbers,0.77,26,0.61,1835,95,"Action & Adventure, Comedy",Whitewater Films,"$20,555"
574,This Last Lonely Place,-,-,-,12,85,,-,"$20,507"
575,The Sea of Trees,0.13,47,0.41,2218,110,Drama,Waypoint Entertainment,"$20,444"
576,Never,-,-,-,-,-,-,-,"$20,431"
577,New World Order,-,-,-,21,117,"Action & Adventure, Drama",-,"$20,205"
578,Love Me True,-,-,-,7,85,Comedy,-,"$20,100"
579,"No Pay, Nudity",0.71,7,0.23,104,92,"Comedy, Drama",A Day in the Life Films,"$20,017"
580,The Romans,-,-,-,14,98,"Action & Adventure, Drama",-,"$19,705"
581,Art Bastard,0.87,23,0.69,272,84,Documentary,Concannon Productions,"$19,600"
582,Revelation: Dawn of Global Government,-,-,-,14,146,Documentary,Heartland Pictures,"$19,107"
583,Search Engines,-,-,-,26,95,"Comedy, Drama",-,"$19,033"
584,Ktown Cowboys,0.33,9,0.93,83,83,-,Musa Productions,"$18,863"
585,Seoul Searching,0.75,16,0.84,201,105,"Comedy, Drama",Wonder Vision,"$18,654"
586,The Channel,-,-,0.14,13,95,"Drama, Horror, Mystery & Suspense",-,"$18,319"
587,The Lion in Winter ,-,-,-,-,-,-,-,"$18,177"
588,Coming Through the Rye,0.71,21,0.64,342,97,Drama,Red Hat Films,"$18,137"
589,Peter and the Farm,1.0,27,0.72,299,91,Documentary,Cinema Conservancy,"$18,123"
590,Harry Benson: Shoot First,0.85,26,0.46,194,87,Documentary,Quixotic Endeavors,"$18,092"
591,A Bit of Bad Luck,-,-,0.5,31,86,"Comedy, Drama, Mystery & Suspense",Indican Pictures,"$18,089"
592,Wildflower ,-,-,0.31,63,92,Drama,-,"$18,062"
593,Holy Hell,0.74,35,0.73,468,103,Documentary,Whitewater Films,"$18,051"
594,I Knew Her Well,-,-,-,-,-,-,-,"$18,010"
595,Men Go To Battle,0.69,26,0.46,120,98,"Drama, Western",Film Movement,"$18,006"
596,How He Fell in Love,0.38,13,0.58,112,107,"Drama, Romance",Ibid Filmworks,"$17,575"
597,Streit's: Matzo and the American Dream,-,-,-,-,-,-,-,"$17,506"
598,Landfill Harmonic,1.0,8,0.87,76,95,Documentary,Meetai Films,"$17,205"
599,Always Shine,0.9,42,0.52,646,85,"Drama, Mystery & Suspense",Little Teeth Pictures,"$17,102"
